Network,Address
Arbitrum Sepolia,0x7Bb9740FdcbD91866CaFEd099C36445Ea8140627
Berachain Testnet,0xacC0a0cF13571d30B4b8637996F5D6D774d4fd62
Bevm Testnet,0xacC0a0cF13571d30B4b8637996F5D6D774d4fd62
Bitlayer Testnet,0xacC0a0cF13571d30B4b8637996F5D6D774d4fd62
Bob Sepolia,0xacC0a0cF13571d30B4b8637996F5D6D774d4fd62
Citrea Devnet,0xacC0a0cF13571d30B4b8637996F5D6D774d4fd62
Citrea Testnet,0xacC0a0cF13571d30B4b8637996F5D6D774d4fd62
Core Mainnet,0xacC0a0cF13571d30B4b8637996F5D6D774d4fd62
Core Testnet,0xacC0a0cF13571d30B4b8637996F5D6D774d4fd62
Cross Fi Mainnet,0xacC0a0cF13571d30B4b8637996F5D6D774d4fd62
Expchain Testnet,0xacC0a0cF13571d30B4b8637996F5D6D774d4fd62
Filecoin Calibration,0xacC0a0cF13571d30B4b8637996F5D6D774d4fd62
Glue Testnet,0xacC0a0cF13571d30B4b8637996F5D6D774d4fd62
Holesky Mainnet,0xacC0a0cF13571d30B4b8637996F5D6D774d4fd62
In Memory Node,0xe7f1725E7734CE288F8367e1Bb143E90bb3F0512
Lightlink Pegasus Testnet,0xacC0a0cF13571d30B4b8637996F5D6D774d4fd62
Lightlink Phoenix Mainnet,0xacC0a0cF13571d30B4b8637996F5D6D774d4fd62
Lorenzo Testnet,0xacC0a0cF13571d30B4b8637996F5D6D774d4fd62
Manta Sepolia,0xacC0a0cF13571d30B4b8637996F5D6D774d4fd62
Merlin Testnet,0xacC0a0cF13571d30B4b8637996F5D6D774d4fd62
Molten Mainnet,0xacC0a0cF13571d30B4b8637996F5D6D774d4fd62
Monad Devnet,0xF89CEf90CF229c564596cf105D19bc92e17b98C4
Movement Testnet,0xacC0a0cF13571d30B4b8637996F5D6D774d4fd62
Omni Omega,0xacC0a0cF13571d30B4b8637996F5D6D774d4fd62
Open Campus Testnet,0xacC0a0cF13571d30B4b8637996F5D6D774d4fd62
Ozean Testnet,0xacC0a0cF13571d30B4b8637996F5D6D774d4fd62
Plume Devnet,0xacC0a0cF13571d30B4b8637996F5D6D774d4fd62
Polygon Mainnet,0xacC0a0cF13571d30B4b8637996F5D6D774d4fd62
Polygon Amoy,0xacC0a0cF13571d30B4b8637996F5D6D774d4fd62
Soneium Minato,0xacC0a0cF13571d30B4b8637996F5D6D774d4fd62
Sonic Mainnet,0xacC0a0cF13571d30B4b8637996F5D6D774d4fd62
Sonic Blaze Testnet,0xacC0a0cF13571d30B4b8637996F5D6D774d4fd62
Sonic Testnet,0xacC0a0cF13571d30B4b8637996F5D6D774d4fd62
Sophon Mainnet,0x6a2ab154d7c5Ba9fdea6d8A0C79818A4463a63f9
Sophon Testnet,0x6a2ab154d7c5Ba9fdea6d8A0C79818A4463a63f9
Story Odyssey Testnet,0xacC0a0cF13571d30B4b8637996F5D6D774d4fd62
Taraxa Mainnet,0x7D06cc8210228365896A3cc8Aac88c5551529112
Volmex Testnet,0xacC0a0cF13571d30B4b8637996F5D6D774d4fd62
Xlayer Testnet,0x647DFd812BC1e116c6992CB2bC353b2112176fD6
Zetachain Testnet,0xacC0a0cF13571d30B4b8637996F5D6D774d4fd62
